"English","German","Spanish","Italian","Portuguese","French","Chinese","Czech","Japanese","Korean","Polish","Russian"
"on 1A","auf 1A",,,,,,,,,,
"on 1B","auf 1B",,,,,,,,,,
"on 2A","auf 2A",,,,,,,,,,
"on 2B","auf 2B",,,,,,,,,,
"on 3A","auf 3A",,,,,,,,,,
"on 3B","auf 3B",,,,,,,,,,
"on 4A","auf 4A",,,,,,,,,,
"on 4B","auf 4B",,,,,,,,,,
"on 5A","auf 5A",,,,,,,,,,
"on 5B","auf 5B",,,,,,,,,,
"on 6A","auf 6A",,,,,,,,,,
"on 6B","auf 6B",,,,,,,,,,
"on 7A","auf 7A",,,,,,,,,,
"on 7B","auf 7B",,,,,,,,,,
"on 8A","auf 8A",,,,,,,,,,
"on 8B","auf 8B",,,,,,,,,,
"on 9A","auf 9A",,,,,,,,,,
"on 9B","auf 9B",,,,,,,,,,
"on 10A","auf 10A",,,,,,,,,,
"on 10B","auf 10B",,,,,,,,,,
"on 11A","auf 11A",,,,,,,,,,
"on 11B","auf 11B",,,,,,,,,,
"on 12A","auf 12A",,,,,,,,,,
"on 12B","auf 12B",,,,,,,,,,
"on 13A","auf 13A",,,,,,,,,,
"on 13B","auf 13B",,,,,,,,,,
"on 14A","auf 14A",,,,,,,,,,
"on 14B","auf 14B",,,,,,,,,,
"on 15A","auf 15A",,,,,,,,,,
"on 15B","auf 15B",,,,,,,,,,
"on 16A","auf 16A",,,,,,,,,,
"on 16B","auf 16B",,,,,,,,,,
"on 17A","auf 17A",,,,,,,,,,
"on 17B","auf 17B",,,,,,,,,,
"on 18A","auf 18A",,,,,,,,,,
"on 18B","auf 18B",,,,,,,,,,
"on 19A","auf 19A",,,,,,,,,,
"on 19B","auf 19B",,,,,,,,,,
"on 20A","auf 20A",,,,,,,,,,
"on 20B","auf 20B",,,,,,,,,,
"on 21A","auf 21A",,,,,,,,,,
"on 21B","auf 21B",,,,,,,,,,
"on 22A","auf 22A",,,,,,,,,,
"on 22B","auf 22B",,,,,,,,,,
"on 23A","auf 23A",,,,,,,,,,
"on 23B","auf 23B",,,,,,,,,,
"on 24A","auf 24A",,,,,,,,,,
"on 24B","auf 24B",,,,,,,,,,
"on 25A","auf 25A",,,,,,,,,,
"on 25B","auf 25B",,,,,,,,,,
"on 26A","auf 26A",,,,,,,,,,
"on 26B","auf 26B",,,,,,,,,,
"on 27A","auf 27A",,,,,,,,,,
"on 27B","auf 27B",,,,,,,,,,
"on 28A","auf 28A",,,,,,,,,,
"on 28B","auf 28B",,,,,,,,,,
"on 29A","auf 29A",,,,,,,,,,
"on 29B","auf 29B",,,,,,,,,,
"on 30A","auf 30A",,,,,,,,,,
"on 30B","auf 30B",,,,,,,,,,
"on 31A","auf 31A",,,,,,,,,,
"on 31B","auf 31B",,,,,,,,,,
"on 32A","auf 32A",,,,,,,,,,
"on 32B","auf 32B",,,,,,,,,,
"on 33A","auf 33A",,,,,,,,,,
"on 33B","auf 33B",,,,,,,,,,
"on 34A","auf 34A",,,,,,,,,,
"on 34B","auf 34B",,,,,,,,,,
"on 35A","auf 35A",,,,,,,,,,
"on 35B","auf 35B",,,,,,,,,,
"on 36A","auf 36A",,,,,,,,,,
"on 36B","auf 36B",,,,,,,,,,
"on 37A","auf 37A",,,,,,,,,,
"on 37B","auf 37B",,,,,,,,,,
"on 38A","auf 38A",,,,,,,,,,
"on 38B","auf 38B",,,,,,,,,,
"on 39A","auf 39A",,,,,,,,,,
"on 39B","auf 39B",,,,,,,,,,
"on 40A","auf 40A",,,,,,,,,,
"on 40B","auf 40B",,,,,,,,,,
"on 41A","auf 41A",,,,,,,,,,
"on 41B","auf 41B",,,,,,,,,,
"on 42A","auf 42A",,,,,,,,,,
"on 42B","auf 42B",,,,,,,,,,
"on 43A","auf 43A",,,,,,,,,,
"on 43B","auf 43B",,,,,,,,,,
"on 44A","auf 44A",,,,,,,,,,
"on 44B","auf 44B",,,,,,,,,,
"on 45A","auf 45A",,,,,,,,,,
"on 45B","auf 45B",,,,,,,,,,
"on 46A","auf 46A",,,,,,,,,,
"on 46B","auf 46B",,,,,,,,,,
"on 47A","auf 47A",,,,,,,,,,
"on 47B","auf 47B",,,,,,,,,,
"on 48A","auf 48A",,,,,,,,,,
"on 48B","auf 48B",,,,,,,,,,
"on 49A","auf 49A",,,,,,,,,,
"on 49B","auf 49B",,,,,,,,,,
"on 50A","auf 50A",,,,,,,,,,
"on 50B","auf 50B",,,,,,,,,,
"on 51A","auf 51A",,,,,,,,,,
"on 51B","auf 51B",,,,,,,,,,
"on 52A","auf 52A",,,,,,,,,,
"on 52B","auf 52B",,,,,,,,,,
"on 53A","auf 53A",,,,,,,,,,
"on 53B","auf 53B",,,,,,,,,,
"on 54A","auf 54A",,,,,,,,,,
"on 54B","auf 54B",,,,,,,,,,
"on 55A","auf 55A",,,,,,,,,,
"on 55B","auf 55B",,,,,,,,,,
"on 56A","auf 56A",,,,,,,,,,
"on 56B","auf 56B",,,,,,,,,,
"on 57A","auf 57A",,,,,,,,,,
"on 57B","auf 57B",,,,,,,,,,
"on 58A","auf 58A",,,,,,,,,,
"on 58B","auf 58B",,,,,,,,,,
"on 59A","auf 59A",,,,,,,,,,
"on 59B","auf 59B",,,,,,,,,,
"on 60A","auf 60A",,,,,,,,,,
"on 60B","auf 60B",,,,,,,,,,
"on 61A","auf 61A",,,,,,,,,,
"on 61B","auf 61B",,,,,,,,,,
"on 62A","auf 62A",,,,,,,,,,
"on 62B","auf 62B",,,,,,,,,,
"on 63A","auf 63A",,,,,,,,,,
"on 63B","auf 63B",,,,,,,,,,
"on 64A","auf 64A",,,,,,,,,,
"on 64B","auf 64B",,,,,,,,,,
"on 65A","auf 65A",,,,,,,,,,
"on 65B","auf 65B",,,,,,,,,,
"on 66A","auf 66A",,,,,,,,,,
"on 66B","auf 66B",,,,,,,,,,
"on 67A","auf 67A",,,,,,,,,,
"on 67B","auf 67B",,,,,,,,,,
"on 68A","auf 68A",,,,,,,,,,
"on 68B","auf 68B",,,,,,,,,,
"on 69A","auf 69A",,,,,,,,,,
"on 69B","auf 69B",,,,,,,,,,
"on 70A","auf 70A",,,,,,,,,,
"on 70B","auf 70B",,,,,,,,,,
"on 71A","auf 71A",,,,,,,,,,
"on 71B","auf 71B",,,,,,,,,,
"on 72A","auf 72A",,,,,,,,,,
"on 72B","auf 72B",,,,,,,,,,
"on 73A","auf 73A",,,,,,,,,,
"on 73B","auf 73B",,,,,,,,,,
"on 74A","auf 74A",,,,,,,,,,
"on 74B","auf 74B",,,,,,,,,,
"on 75A","auf 75A",,,,,,,,,,
"on 75B","auf 75B",,,,,,,,,,
"on 76A","auf 76A",,,,,,,,,,
"on 76B","auf 76B",,,,,,,,,,
"on 77A","auf 77A",,,,,,,,,,
"on 77B","auf 77B",,,,,,,,,,
"on 78A","auf 78A",,,,,,,,,,
"on 78B","auf 78B",,,,,,,,,,
"on 79A","auf 79A",,,,,,,,,,
"on 79B","auf 79B",,,,,,,,,,
"on 80A","auf 80A",,,,,,,,,,
"on 80B","auf 80B",,,,,,,,,,
"on 81A","auf 81A",,,,,,,,,,
"on 81B","auf 81B",,,,,,,,,,
"on 82A","auf 82A",,,,,,,,,,
"on 82B","auf 82B",,,,,,,,,,
"on 83A","auf 83A",,,,,,,,,,
"on 83B","auf 83B",,,,,,,,,,
"on 84A","auf 84A",,,,,,,,,,
"on 84B","auf 84B",,,,,,,,,,
"on 85A","auf 85A",,,,,,,,,,
"on 85B","auf 85B",,,,,,,,,,
"on 86A","auf 86A",,,,,,,,,,
"on 86B","auf 86B",,,,,,,,,,
"on 87A","auf 87A",,,,,,,,,,
"on 87B","auf 87B",,,,,,,,,,
"on 88A","auf 88A",,,,,,,,,,
"on 88B","auf 88B",,,,,,,,,,
"on 89A","auf 89A",,,,,,,,,,
"on 89B","auf 89B",,,,,,,,,,
"on 90A","auf 90A",,,,,,,,,,
"on 90B","auf 90B",,,,,,,,,,
"on 91A","auf 91A",,,,,,,,,,
"on 91B","auf 91B",,,,,,,,,,
"on 92A","auf 92A",,,,,,,,,,
"on 92B","auf 92B",,,,,,,,,,
"on 93A","auf 93A",,,,,,,,,,
"on 93B","auf 93B",,,,,,,,,,
"on 94A","auf 94A",,,,,,,,,,
"on 94B","auf 94B",,,,,,,,,,
"on 95A","auf 95A",,,,,,,,,,
"on 95B","auf 95B",,,,,,,,,,
"on 96A","auf 96A",,,,,,,,,,
"on 96B","auf 96B",,,,,,,,,,
"on 97A","auf 97A",,,,,,,,,,
"on 97B","auf 97B",,,,,,,,,,
"on 98A","auf 98A",,,,,,,,,,
"on 98B","auf 98B",,,,,,,,,,
"on 99A","auf 99A",,,,,,,,,,
"on 99B","auf 99B",,,,,,,,,,
"on 100A","auf 100A",,,,,,,,,,
"on 100B","auf 100B",,,,,,,,,,
"on 1A as shown","auf 1A, wie abgebildet",,,,,,,,,,
"on 1B as shown","auf 1B, wie abgebildet",,,,,,,,,,
"on 2A as shown","auf 2A, wie abgebildet",,,,,,,,,,
"on 2B as shown","auf 2B, wie abgebildet",,,,,,,,,,
"on 3A as shown","auf 3A, wie abgebildet",,,,,,,,,,
"on 3B as shown","auf 3B, wie abgebildet",,,,,,,,,,
"on 4A as shown","auf 4A, wie abgebildet",,,,,,,,,,
"on 4B as shown","auf 4B, wie abgebildet",,,,,,,,,,
"on 5A as shown","auf 5A, wie abgebildet",,,,,,,,,,
"on 5B as shown","auf 5B, wie abgebildet",,,,,,,,,,
"on 6A as shown","auf 6A, wie abgebildet",,,,,,,,,,
"on 6B as shown","auf 6B, wie abgebildet",,,,,,,,,,
"on 7A as shown","auf 7A, wie abgebildet",,,,,,,,,,
"on 7B as shown","auf 7B, wie abgebildet",,,,,,,,,,
"on 8A as shown","auf 8A, wie abgebildet",,,,,,,,,,
"on 8B as shown","auf 8B, wie abgebildet",,,,,,,,,,
"on 9A as shown","auf 9A, wie abgebildet",,,,,,,,,,
"on 9B as shown","auf 9B, wie abgebildet",,,,,,,,,,
"on 10A as shown","auf 10A, wie abgebildet",,,,,,,,,,
"on 10B as shown","auf 10B, wie abgebildet",,,,,,,,,,
"on 11A as shown","auf 11A, wie abgebildet",,,,,,,,,,
"on 11B as shown","auf 11B, wie abgebildet",,,,,,,,,,
"on 12A as shown","auf 12A, wie abgebildet",,,,,,,,,,
"on 12B as shown","auf 12B, wie abgebildet",,,,,,,,,,
"on 13A as shown","auf 13A, wie abgebildet",,,,,,,,,,
"on 13B as shown","auf 13B, wie abgebildet",,,,,,,,,,
"on 14A as shown","auf 14A, wie abgebildet",,,,,,,,,,
"on 14B as shown","auf 14B, wie abgebildet",,,,,,,,,,
"on 15A as shown","auf 15A, wie abgebildet",,,,,,,,,,
"on 15B as shown","auf 15B, wie abgebildet",,,,,,,,,,
"on 16A as shown","auf 16A, wie abgebildet",,,,,,,,,,
"on 16B as shown","auf 16B, wie abgebildet",,,,,,,,,,
"on 17A as shown","auf 17A, wie abgebildet",,,,,,,,,,
"on 17B as shown","auf 17B, wie abgebildet",,,,,,,,,,
"on 18A as shown","auf 18A, wie abgebildet",,,,,,,,,,
"on 18B as shown","auf 18B, wie abgebildet",,,,,,,,,,
"on 19A as shown","auf 19A, wie abgebildet",,,,,,,,,,
"on 19B as shown","auf 19B, wie abgebildet",,,,,,,,,,
"on 20A as shown","auf 20A, wie abgebildet",,,,,,,,,,
"on 20B as shown","auf 20B, wie abgebildet",,,,,,,,,,
"on 21A as shown","auf 21A, wie abgebildet",,,,,,,,,,
"on 21B as shown","auf 21B, wie abgebildet",,,,,,,,,,
"on 22A as shown","auf 22A, wie abgebildet",,,,,,,,,,
"on 22B as shown","auf 22B, wie abgebildet",,,,,,,,,,
"on 23A as shown","auf 23A, wie abgebildet",,,,,,,,,,
"on 23B as shown","auf 23B, wie abgebildet",,,,,,,,,,
"on 24A as shown","auf 24A, wie abgebildet",,,,,,,,,,
"on 24B as shown","auf 24B, wie abgebildet",,,,,,,,,,
"on 25A as shown","auf 25A, wie abgebildet",,,,,,,,,,
"on 25B as shown","auf 25B, wie abgebildet",,,,,,,,,,
"on 26A as shown","auf 26A, wie abgebildet",,,,,,,,,,
"on 26B as shown","auf 26B, wie abgebildet",,,,,,,,,,
"on 27A as shown","auf 27A, wie abgebildet",,,,,,,,,,
"on 27B as shown","auf 27B, wie abgebildet",,,,,,,,,,
"on 28A as shown","auf 28A, wie abgebildet",,,,,,,,,,
"on 28B as shown","auf 28B, wie abgebildet",,,,,,,,,,
"on 29A as shown","auf 29A, wie abgebildet",,,,,,,,,,
"on 29B as shown","auf 29B, wie abgebildet",,,,,,,,,,
"on 30A as shown","auf 30A, wie abgebildet",,,,,,,,,,
"on 30B as shown","auf 30B, wie abgebildet",,,,,,,,,,
"on 31A as shown","auf 31A, wie abgebildet",,,,,,,,,,
"on 31B as shown","auf 31B, wie abgebildet",,,,,,,,,,
"on 32A as shown","auf 32A, wie abgebildet",,,,,,,,,,
"on 32B as shown","auf 32B, wie abgebildet",,,,,,,,,,
"on 33A as shown","auf 33A, wie abgebildet",,,,,,,,,,
"on 33B as shown","auf 33B, wie abgebildet",,,,,,,,,,
"on 34A as shown","auf 34A, wie abgebildet",,,,,,,,,,
"on 34B as shown","auf 34B, wie abgebildet",,,,,,,,,,
"on 35A as shown","auf 35A, wie abgebildet",,,,,,,,,,
"on 35B as shown","auf 35B, wie abgebildet",,,,,,,,,,
"on 36A as shown","auf 36A, wie abgebildet",,,,,,,,,,
"on 36B as shown","auf 36B, wie abgebildet",,,,,,,,,,
"on 37A as shown","auf 37A, wie abgebildet",,,,,,,,,,
"on 37B as shown","auf 37B, wie abgebildet",,,,,,,,,,
"on 38A as shown","auf 38A, wie abgebildet",,,,,,,,,,
"on 38B as shown","auf 38B, wie abgebildet",,,,,,,,,,
"on 39A as shown","auf 39A, wie abgebildet",,,,,,,,,,
"on 39B as shown","auf 39B, wie abgebildet",,,,,,,,,,
"on 40A as shown","auf 40A, wie abgebildet",,,,,,,,,,
"on 40B as shown","auf 40B, wie abgebildet",,,,,,,,,,
"on 41A as shown","auf 41A, wie abgebildet",,,,,,,,,,
"on 41B as shown","auf 41B, wie abgebildet",,,,,,,,,,
"on 42A as shown","auf 42A, wie abgebildet",,,,,,,,,,
"on 42B as shown","auf 42B, wie abgebildet",,,,,,,,,,
"on 43A as shown","auf 43A, wie abgebildet",,,,,,,,,,
"on 43B as shown","auf 43B, wie abgebildet",,,,,,,,,,
"on 44A as shown","auf 44A, wie abgebildet",,,,,,,,,,
"on 44B as shown","auf 44B, wie abgebildet",,,,,,,,,,
"on 45A as shown","auf 45A, wie abgebildet",,,,,,,,,,
"on 45B as shown","auf 45B, wie abgebildet",,,,,,,,,,
"on 46A as shown","auf 46A, wie abgebildet",,,,,,,,,,
"on 46B as shown","auf 46B, wie abgebildet",,,,,,,,,,
"on 47A as shown","auf 47A, wie abgebildet",,,,,,,,,,
"on 47B as shown","auf 47B, wie abgebildet",,,,,,,,,,
"on 48A as shown","auf 48A, wie abgebildet",,,,,,,,,,
"on 48B as shown","auf 48B, wie abgebildet",,,,,,,,,,
"on 49A as shown","auf 49A, wie abgebildet",,,,,,,,,,
"on 49B as shown","auf 49B, wie abgebildet",,,,,,,,,,
"on 50A as shown","auf 50A, wie abgebildet",,,,,,,,,,
"on 50B as shown","auf 50B, wie abgebildet",,,,,,,,,,
"on 51A as shown","auf 51A, wie abgebildet",,,,,,,,,,
"on 51B as shown","auf 51B, wie abgebildet",,,,,,,,,,
"on 52A as shown","auf 52A, wie abgebildet",,,,,,,,,,
"on 52B as shown","auf 52B, wie abgebildet",,,,,,,,,,
"on 53A as shown","auf 53A, wie abgebildet",,,,,,,,,,
"on 53B as shown","auf 53B, wie abgebildet",,,,,,,,,,
"on 54A as shown","auf 54A, wie abgebildet",,,,,,,,,,
"on 54B as shown","auf 54B, wie abgebildet",,,,,,,,,,
"on 55A as shown","auf 55A, wie abgebildet",,,,,,,,,,
"on 55B as shown","auf 55B, wie abgebildet",,,,,,,,,,
"on 56A as shown","auf 56A, wie abgebildet",,,,,,,,,,
"on 56B as shown","auf 56B, wie abgebildet",,,,,,,,,,
"on 57A as shown","auf 57A, wie abgebildet",,,,,,,,,,
"on 57B as shown","auf 57B, wie abgebildet",,,,,,,,,,
"on 58A as shown","auf 58A, wie abgebildet",,,,,,,,,,
"on 58B as shown","auf 58B, wie abgebildet",,,,,,,,,,
"on 59A as shown","auf 59A, wie abgebildet",,,,,,,,,,
"on 59B as shown","auf 59B, wie abgebildet",,,,,,,,,,
"on 60A as shown","auf 60A, wie abgebildet",,,,,,,,,,
"on 60B as shown","auf 60B, wie abgebildet",,,,,,,,,,
"on 61A as shown","auf 61A, wie abgebildet",,,,,,,,,,
"on 61B as shown","auf 61B, wie abgebildet",,,,,,,,,,
"on 62A as shown","auf 62A, wie abgebildet",,,,,,,,,,
"on 62B as shown","auf 62B, wie abgebildet",,,,,,,,,,
"on 63A as shown","auf 63A, wie abgebildet",,,,,,,,,,
"on 63B as shown","auf 63B, wie abgebildet",,,,,,,,,,
"on 64A as shown","auf 64A, wie abgebildet",,,,,,,,,,
"on 64B as shown","auf 64B, wie abgebildet",,,,,,,,,,
"on 65A as shown","auf 65A, wie abgebildet",,,,,,,,,,
"on 65B as shown","auf 65B, wie abgebildet",,,,,,,,,,
"on 66A as shown","auf 66A, wie abgebildet",,,,,,,,,,
"on 66B as shown","auf 66B, wie abgebildet",,,,,,,,,,
"on 67A as shown","auf 67A, wie abgebildet",,,,,,,,,,
"on 67B as shown","auf 67B, wie abgebildet",,,,,,,,,,
"on 68A as shown","auf 68A, wie abgebildet",,,,,,,,,,
"on 68B as shown","auf 68B, wie abgebildet",,,,,,,,,,
"on 69A as shown","auf 69A, wie abgebildet",,,,,,,,,,
"on 69B as shown","auf 69B, wie abgebildet",,,,,,,,,,
"on 70A as shown","auf 70A, wie abgebildet",,,,,,,,,,
"on 70B as shown","auf 70B, wie abgebildet",,,,,,,,,,
"on 71A as shown","auf 71A, wie abgebildet",,,,,,,,,,
"on 71B as shown","auf 71B, wie abgebildet",,,,,,,,,,
"on 72A as shown","auf 72A, wie abgebildet",,,,,,,,,,
"on 72B as shown","auf 72B, wie abgebildet",,,,,,,,,,
"on 73A as shown","auf 73A, wie abgebildet",,,,,,,,,,
"on 73B as shown","auf 73B, wie abgebildet",,,,,,,,,,
"on 74A as shown","auf 74A, wie abgebildet",,,,,,,,,,
"on 74B as shown","auf 74B, wie abgebildet",,,,,,,,,,
"on 75A as shown","auf 75A, wie abgebildet",,,,,,,,,,
"on 75B as shown","auf 75B, wie abgebildet",,,,,,,,,,
"on 76A as shown","auf 76A, wie abgebildet",,,,,,,,,,
"on 76B as shown","auf 76B, wie abgebildet",,,,,,,,,,
"on 77A as shown","auf 77A, wie abgebildet",,,,,,,,,,
"on 77B as shown","auf 77B, wie abgebildet",,,,,,,,,,
"on 78A as shown","auf 78A, wie abgebildet",,,,,,,,,,
"on 78B as shown","auf 78B, wie abgebildet",,,,,,,,,,
"on 79A as shown","auf 79A, wie abgebildet",,,,,,,,,,
"on 79B as shown","auf 79B, wie abgebildet",,,,,,,,,,
"on 80A as shown","auf 80A, wie abgebildet",,,,,,,,,,
"on 80B as shown","auf 80B, wie abgebildet",,,,,,,,,,
"on 81A as shown","auf 81A, wie abgebildet",,,,,,,,,,
"on 81B as shown","auf 81B, wie abgebildet",,,,,,,,,,
"on 82A as shown","auf 82A, wie abgebildet",,,,,,,,,,
"on 82B as shown","auf 82B, wie abgebildet",,,,,,,,,,
"on 83A as shown","auf 83A, wie abgebildet",,,,,,,,,,
"on 83B as shown","auf 83B, wie abgebildet",,,,,,,,,,
"on 84A as shown","auf 84A, wie abgebildet",,,,,,,,,,
"on 84B as shown","auf 84B, wie abgebildet",,,,,,,,,,
"on 85A as shown","auf 85A, wie abgebildet",,,,,,,,,,
"on 85B as shown","auf 85B, wie abgebildet",,,,,,,,,,
"on 86A as shown","auf 86A, wie abgebildet",,,,,,,,,,
"on 86B as shown","auf 86B, wie abgebildet",,,,,,,,,,
"on 87A as shown","auf 87A, wie abgebildet",,,,,,,,,,
"on 87B as shown","auf 87B, wie abgebildet",,,,,,,,,,
"on 88A as shown","auf 88A, wie abgebildet",,,,,,,,,,
"on 88B as shown","auf 88B, wie abgebildet",,,,,,,,,,
"on 89A as shown","auf 89A, wie abgebildet",,,,,,,,,,
"on 89B as shown","auf 89B, wie abgebildet",,,,,,,,,,
"on 90A as shown","auf 90A, wie abgebildet",,,,,,,,,,
"on 90B as shown","auf 90B, wie abgebildet",,,,,,,,,,
"on 91A as shown","auf 91A, wie abgebildet",,,,,,,,,,
"on 91B as shown","auf 91B, wie abgebildet",,,,,,,,,,
"on 92A as shown","auf 92A, wie abgebildet",,,,,,,,,,
"on 92B as shown","auf 92B, wie abgebildet",,,,,,,,,,
"on 93A as shown","auf 93A, wie abgebildet",,,,,,,,,,
"on 93B as shown","auf 93B, wie abgebildet",,,,,,,,,,
"on 94A as shown","auf 94A, wie abgebildet",,,,,,,,,,
"on 94B as shown","auf 94B, wie abgebildet",,,,,,,,,,
"on 95A as shown","auf 95A, wie abgebildet",,,,,,,,,,
"on 95B as shown","auf 95B, wie abgebildet",,,,,,,,,,
"on 96A as shown","auf 96A, wie abgebildet",,,,,,,,,,
"on 96B as shown","auf 96B, wie abgebildet",,,,,,,,,,
"on 97A as shown","auf 97A, wie abgebildet",,,,,,,,,,
"on 97B as shown","auf 97B, wie abgebildet",,,,,,,,,,
"on 98A as shown","auf 98A, wie abgebildet",,,,,,,,,,
"on 98B as shown","auf 98B, wie abgebildet",,,,,,,,,,
"on 99A as shown","auf 99A, wie abgebildet",,,,,,,,,,
"on 99B as shown","auf 99B, wie abgebildet",,,,,,,,,,
"on 100A as shown","auf 100A, wie abgebildet",,,,,,,,,,
"on 100B as shown","auf 100B, wie abgebildet",,,,,,,,,,
"Place the {type} group on 1A as shown","Platziert Monster der {type} Gruppe auf 1A, wie abgebildet.",,,,,,,,,,
"Place the {type} group on 1B as shown","Platziert Monster der {type} Gruppe auf 1B, wie abgebildet.",,,,,,,,,,
"Place the {type} group on 2A as shown","Platziert Monster der {type} Gruppe auf 2A, wie abgebildet.",,,,,,,,,,
"Place the {type} group on 2B as shown","Platziert Monster der {type} Gruppe auf 2B, wie abgebildet.",,,,,,,,,,
"Place the {type} group on 3A as shown","Platziert Monster der {type} Gruppe auf 3A, wie abgebildet.",,,,,,,,,,
"Place the {type} group on 3B as shown","Platziert Monster der {type} Gruppe auf 3B, wie abgebildet.",,,,,,,,,,
"Place the {type} group on 4A as shown","Platziert Monster der {type} Gruppe auf 4A, wie abgebildet.",,,,,,,,,,
"Place the {type} group on 4B as shown","Platziert Monster der {type} Gruppe auf 4B, wie abgebildet.",,,,,,,,,,
"Place the {type} group on 5A as shown","Platziert Monster der {type} Gruppe auf 5A, wie abgebildet.",,,,,,,,,,
"Place the {type} group on 5B as shown","Platziert Monster der {type} Gruppe auf 5B, wie abgebildet.",,,,,,,,,,
"Place the {type} group on 6A as shown","Platziert Monster der {type} Gruppe auf 6A, wie abgebildet.",,,,,,,,,,
"Place the {type} group on 6B as shown","Platziert Monster der {type} Gruppe auf 6B, wie abgebildet.",,,,,,,,,,
"Place the {type} group on 7A as shown","Platziert Monster der {type} Gruppe auf 7A, wie abgebildet.",,,,,,,,,,
"Place the {type} group on 7B as shown","Platziert Monster der {type} Gruppe auf 7B, wie abgebildet.",,,,,,,,,,
"Place the {type} group on 8A as shown","Platziert Monster der {type} Gruppe auf 8A, wie abgebildet.",,,,,,,,,,
"Place the {type} group on 8B as shown","Platziert Monster der {type} Gruppe auf 8B, wie abgebildet.",,,,,,,,,,
"Place the {type} group on 9A as shown","Platziert Monster der {type} Gruppe auf 9A, wie abgebildet.",,,,,,,,,,
"Place the {type} group on 9B as shown","Platziert Monster der {type} Gruppe auf 9B, wie abgebildet.",,,,,,,,,,
"Place the {type} group on 10A as shown","Platziert Monster der {type} Gruppe auf 10A, wie abgebildet.",,,,,,,,,,
"Place the {type} group on 10B as shown","Platziert Monster der {type} Gruppe auf 10B, wie abgebildet.",,,,,,,,,,
"Place the {type} group on 11A as shown","Platziert Monster der {type} Gruppe auf 11A, wie abgebildet.",,,,,,,,,,
"Place the {type} group on 11B as shown","Platziert Monster der {type} Gruppe auf 11B, wie abgebildet.",,,,,,,,,,
"Place the {type} group on 12A as shown","Platziert Monster der {type} Gruppe auf 12A, wie abgebildet.",,,,,,,,,,
"Place the {type} group on 12B as shown","Platziert Monster der {type} Gruppe auf 12B, wie abgebildet.",,,,,,,,,,
"Place the {type} group on 13A as shown","Platziert Monster der {type} Gruppe auf 13A, wie abgebildet.",,,,,,,,,,
"Place the {type} group on 13B as shown","Platziert Monster der {type} Gruppe auf 13B, wie abgebildet.",,,,,,,,,,
"Place the {type} group on 14A as shown","Platziert Monster der {type} Gruppe auf 14A, wie abgebildet.",,,,,,,,,,
"Place the {type} group on 14B as shown","Platziert Monster der {type} Gruppe auf 14B, wie abgebildet.",,,,,,,,,,
"Place the {type} group on 15A as shown","Platziert Monster der {type} Gruppe auf 15A, wie abgebildet.",,,,,,,,,,
"Place the {type} group on 15B as shown","Platziert Monster der {type} Gruppe auf 15B, wie abgebildet.",,,,,,,,,,
"Place the {type} group on 16A as shown","Platziert Monster der {type} Gruppe auf 16A, wie abgebildet.",,,,,,,,,,
"Place the {type} group on 16B as shown","Platziert Monster der {type} Gruppe auf 16B, wie abgebildet.",,,,,,,,,,
"Place the {type} group on 17A as shown","Platziert Monster der {type} Gruppe auf 17A, wie abgebildet.",,,,,,,,,,
"Place the {type} group on 17B as shown","Platziert Monster der {type} Gruppe auf 17B, wie abgebildet.",,,,,,,,,,
"Place the {type} group on 18A as shown","Platziert Monster der {type} Gruppe auf 18A, wie abgebildet.",,,,,,,,,,
"Place the {type} group on 18B as shown","Platziert Monster der {type} Gruppe auf 18B, wie abgebildet.",,,,,,,,,,
"Place the {type} group on 19A as shown","Platziert Monster der {type} Gruppe auf 19A, wie abgebildet.",,,,,,,,,,
"Place the {type} group on 19B as shown","Platziert Monster der {type} Gruppe auf 19B, wie abgebildet.",,,,,,,,,,
"Place the {type} group on 20A as shown","Platziert Monster der {type} Gruppe auf 20A, wie abgebildet.",,,,,,,,,,
"Place the {type} group on 20B as shown","Platziert Monster der {type} Gruppe auf 20B, wie abgebildet.",,,,,,,,,,
"Place the {type} group on 21A as shown","Platziert Monster der {type} Gruppe auf 21A, wie abgebildet.",,,,,,,,,,
"Place the {type} group on 21B as shown","Platziert Monster der {type} Gruppe auf 21B, wie abgebildet.",,,,,,,,,,
"Place the {type} group on 22A as shown","Platziert Monster der {type} Gruppe auf 22A, wie abgebildet.",,,,,,,,,,
"Place the {type} group on 22B as shown","Platziert Monster der {type} Gruppe auf 22B, wie abgebildet.",,,,,,,,,,
"Place the {type} group on 23A as shown","Platziert Monster der {type} Gruppe auf 23A, wie abgebildet.",,,,,,,,,,
"Place the {type} group on 23B as shown","Platziert Monster der {type} Gruppe auf 23B, wie abgebildet.",,,,,,,,,,
"Place the {type} group on 24A as shown","Platziert Monster der {type} Gruppe auf 24A, wie abgebildet.",,,,,,,,,,
"Place the {type} group on 24B as shown","Platziert Monster der {type} Gruppe auf 24B, wie abgebildet.",,,,,,,,,,
"Place the {type} group on 25A as shown","Platziert Monster der {type} Gruppe auf 25A, wie abgebildet.",,,,,,,,,,
"Place the {type} group on 25B as shown","Platziert Monster der {type} Gruppe auf 25B, wie abgebildet.",,,,,,,,,,
"Place the {type} group on 26A as shown","Platziert Monster der {type} Gruppe auf 26A, wie abgebildet.",,,,,,,,,,
"Place the {type} group on 26B as shown","Platziert Monster der {type} Gruppe auf 26B, wie abgebildet.",,,,,,,,,,
"Place the {type} group on 27A as shown","Platziert Monster der {type} Gruppe auf 27A, wie abgebildet.",,,,,,,,,,
"Place the {type} group on 27B as shown","Platziert Monster der {type} Gruppe auf 27B, wie abgebildet.",,,,,,,,,,
"Place the {type} group on 28A as shown","Platziert Monster der {type} Gruppe auf 28A, wie abgebildet.",,,,,,,,,,
"Place the {type} group on 28B as shown","Platziert Monster der {type} Gruppe auf 28B, wie abgebildet.",,,,,,,,,,
"Place the {type} group on 29A as shown","Platziert Monster der {type} Gruppe auf 29A, wie abgebildet.",,,,,,,,,,
"Place the {type} group on 29B as shown","Platziert Monster der {type} Gruppe auf 29B, wie abgebildet.",,,,,,,,,,
"Place the {type} group on 30A as shown","Platziert Monster der {type} Gruppe auf 30A, wie abgebildet.",,,,,,,,,,
"Place the {type} group on 30B as shown","Platziert Monster der {type} Gruppe auf 30B, wie abgebildet.",,,,,,,,,,
"Place the {type} group on 31A as shown","Platziert Monster der {type} Gruppe auf 31A, wie abgebildet.",,,,,,,,,,
"Place the {type} group on 31B as shown","Platziert Monster der {type} Gruppe auf 31B, wie abgebildet.",,,,,,,,,,
"Place the {type} group on 32A as shown","Platziert Monster der {type} Gruppe auf 32A, wie abgebildet.",,,,,,,,,,
"Place the {type} group on 32B as shown","Platziert Monster der {type} Gruppe auf 32B, wie abgebildet.",,,,,,,,,,
"Place the {type} group on 33A as shown","Platziert Monster der {type} Gruppe auf 33A, wie abgebildet.",,,,,,,,,,
"Place the {type} group on 33B as shown","Platziert Monster der {type} Gruppe auf 33B, wie abgebildet.",,,,,,,,,,
"Place the {type} group on 34A as shown","Platziert Monster der {type} Gruppe auf 34A, wie abgebildet.",,,,,,,,,,
"Place the {type} group on 34B as shown","Platziert Monster der {type} Gruppe auf 34B, wie abgebildet.",,,,,,,,,,
"Place the {type} group on 35A as shown","Platziert Monster der {type} Gruppe auf 35A, wie abgebildet.",,,,,,,,,,
"Place the {type} group on 35B as shown","Platziert Monster der {type} Gruppe auf 35B, wie abgebildet.",,,,,,,,,,
"Place the {type} group on 36A as shown","Platziert Monster der {type} Gruppe auf 36A, wie abgebildet.",,,,,,,,,,
"Place the {type} group on 36B as shown","Platziert Monster der {type} Gruppe auf 36B, wie abgebildet.",,,,,,,,,,
"Place the {type} group on 37A as shown","Platziert Monster der {type} Gruppe auf 37A, wie abgebildet.",,,,,,,,,,
"Place the {type} group on 37B as shown","Platziert Monster der {type} Gruppe auf 37B, wie abgebildet.",,,,,,,,,,
"Place the {type} group on 38A as shown","Platziert Monster der {type} Gruppe auf 38A, wie abgebildet.",,,,,,,,,,
"Place the {type} group on 38B as shown","Platziert Monster der {type} Gruppe auf 38B, wie abgebildet.",,,,,,,,,,
"Place the {type} group on 39A as shown","Platziert Monster der {type} Gruppe auf 39A, wie abgebildet.",,,,,,,,,,
"Place the {type} group on 39B as shown","Platziert Monster der {type} Gruppe auf 39B, wie abgebildet.",,,,,,,,,,
"Place the {type} group on 40A as shown","Platziert Monster der {type} Gruppe auf 40A, wie abgebildet.",,,,,,,,,,
"Place the {type} group on 40B as shown","Platziert Monster der {type} Gruppe auf 40B, wie abgebildet.",,,,,,,,,,
"Place the {type} group on 41A as shown","Platziert Monster der {type} Gruppe auf 41A, wie abgebildet.",,,,,,,,,,
"Place the {type} group on 41B as shown","Platziert Monster der {type} Gruppe auf 41B, wie abgebildet.",,,,,,,,,,
"Place the {type} group on 42A as shown","Platziert Monster der {type} Gruppe auf 42A, wie abgebildet.",,,,,,,,,,
"Place the {type} group on 42B as shown","Platziert Monster der {type} Gruppe auf 42B, wie abgebildet.",,,,,,,,,,
"Place the {type} group on 43A as shown","Platziert Monster der {type} Gruppe auf 43A, wie abgebildet.",,,,,,,,,,
"Place the {type} group on 43B as shown","Platziert Monster der {type} Gruppe auf 43B, wie abgebildet.",,,,,,,,,,
"Place the {type} group on 44A as shown","Platziert Monster der {type} Gruppe auf 44A, wie abgebildet.",,,,,,,,,,
"Place the {type} group on 44B as shown","Platziert Monster der {type} Gruppe auf 44B, wie abgebildet.",,,,,,,,,,
"Place the {type} group on 45A as shown","Platziert Monster der {type} Gruppe auf 45A, wie abgebildet.",,,,,,,,,,
"Place the {type} group on 45B as shown","Platziert Monster der {type} Gruppe auf 45B, wie abgebildet.",,,,,,,,,,
"Place the {type} group on 46A as shown","Platziert Monster der {type} Gruppe auf 46A, wie abgebildet.",,,,,,,,,,
"Place the {type} group on 46B as shown","Platziert Monster der {type} Gruppe auf 46B, wie abgebildet.",,,,,,,,,,
"Place the {type} group on 47A as shown","Platziert Monster der {type} Gruppe auf 47A, wie abgebildet.",,,,,,,,,,
"Place the {type} group on 47B as shown","Platziert Monster der {type} Gruppe auf 47B, wie abgebildet.",,,,,,,,,,
"Place the {type} group on 48A as shown","Platziert Monster der {type} Gruppe auf 48A, wie abgebildet.",,,,,,,,,,
"Place the {type} group on 48B as shown","Platziert Monster der {type} Gruppe auf 48B, wie abgebildet.",,,,,,,,,,
"Place the {type} group on 49A as shown","Platziert Monster der {type} Gruppe auf 49A, wie abgebildet.",,,,,,,,,,
"Place the {type} group on 49B as shown","Platziert Monster der {type} Gruppe auf 49B, wie abgebildet.",,,,,,,,,,
"Place the {type} group on 50A as shown","Platziert Monster der {type} Gruppe auf 50A, wie abgebildet.",,,,,,,,,,
"Place the {type} group on 50B as shown","Platziert Monster der {type} Gruppe auf 50B, wie abgebildet.",,,,,,,,,,
"Place the {type} group on 51A as shown","Platziert Monster der {type} Gruppe auf 51A, wie abgebildet.",,,,,,,,,,
"Place the {type} group on 51B as shown","Platziert Monster der {type} Gruppe auf 51B, wie abgebildet.",,,,,,,,,,
"Place the {type} group on 52A as shown","Platziert Monster der {type} Gruppe auf 52A, wie abgebildet.",,,,,,,,,,
"Place the {type} group on 52B as shown","Platziert Monster der {type} Gruppe auf 52B, wie abgebildet.",,,,,,,,,,
"Place the {type} group on 53A as shown","Platziert Monster der {type} Gruppe auf 53A, wie abgebildet.",,,,,,,,,,
"Place the {type} group on 53B as shown","Platziert Monster der {type} Gruppe auf 53B, wie abgebildet.",,,,,,,,,,
"Place the {type} group on 54A as shown","Platziert Monster der {type} Gruppe auf 54A, wie abgebildet.",,,,,,,,,,
"Place the {type} group on 54B as shown","Platziert Monster der {type} Gruppe auf 54B, wie abgebildet.",,,,,,,,,,
"Place the {type} group on 55A as shown","Platziert Monster der {type} Gruppe auf 55A, wie abgebildet.",,,,,,,,,,
"Place the {type} group on 55B as shown","Platziert Monster der {type} Gruppe auf 55B, wie abgebildet.",,,,,,,,,,
"Place the {type} group on 56A as shown","Platziert Monster der {type} Gruppe auf 56A, wie abgebildet.",,,,,,,,,,
"Place the {type} group on 56B as shown","Platziert Monster der {type} Gruppe auf 56B, wie abgebildet.",,,,,,,,,,
"Place the {type} group on 57A as shown","Platziert Monster der {type} Gruppe auf 57A, wie abgebildet.",,,,,,,,,,
"Place the {type} group on 57B as shown","Platziert Monster der {type} Gruppe auf 57B, wie abgebildet.",,,,,,,,,,
"Place the {type} group on 58A as shown","Platziert Monster der {type} Gruppe auf 58A, wie abgebildet.",,,,,,,,,,
"Place the {type} group on 58B as shown","Platziert Monster der {type} Gruppe auf 58B, wie abgebildet.",,,,,,,,,,
"Place the {type} group on 59A as shown","Platziert Monster der {type} Gruppe auf 59A, wie abgebildet.",,,,,,,,,,
"Place the {type} group on 59B as shown","Platziert Monster der {type} Gruppe auf 59B, wie abgebildet.",,,,,,,,,,
"Place the {type} group on 60A as shown","Platziert Monster der {type} Gruppe auf 60A, wie abgebildet.",,,,,,,,,,
"Place the {type} group on 60B as shown","Platziert Monster der {type} Gruppe auf 60B, wie abgebildet.",,,,,,,,,,
"Place the {type} group on 61A as shown","Platziert Monster der {type} Gruppe auf 61A, wie abgebildet.",,,,,,,,,,
"Place the {type} group on 61B as shown","Platziert Monster der {type} Gruppe auf 61B, wie abgebildet.",,,,,,,,,,
"Place the {type} group on 62A as shown","Platziert Monster der {type} Gruppe auf 62A, wie abgebildet.",,,,,,,,,,
"Place the {type} group on 62B as shown","Platziert Monster der {type} Gruppe auf 62B, wie abgebildet.",,,,,,,,,,
"Place the {type} group on 63A as shown","Platziert Monster der {type} Gruppe auf 63A, wie abgebildet.",,,,,,,,,,
"Place the {type} group on 63B as shown","Platziert Monster der {type} Gruppe auf 63B, wie abgebildet.",,,,,,,,,,
"Place the {type} group on 64A as shown","Platziert Monster der {type} Gruppe auf 64A, wie abgebildet.",,,,,,,,,,
"Place the {type} group on 64B as shown","Platziert Monster der {type} Gruppe auf 64B, wie abgebildet.",,,,,,,,,,
"Place the {type} group on 65A as shown","Platziert Monster der {type} Gruppe auf 65A, wie abgebildet.",,,,,,,,,,
"Place the {type} group on 65B as shown","Platziert Monster der {type} Gruppe auf 65B, wie abgebildet.",,,,,,,,,,
"Place the {type} group on 66A as shown","Platziert Monster der {type} Gruppe auf 66A, wie abgebildet.",,,,,,,,,,
"Place the {type} group on 66B as shown","Platziert Monster der {type} Gruppe auf 66B, wie abgebildet.",,,,,,,,,,
"Place the {type} group on 67A as shown","Platziert Monster der {type} Gruppe auf 67A, wie abgebildet.",,,,,,,,,,
"Place the {type} group on 67B as shown","Platziert Monster der {type} Gruppe auf 67B, wie abgebildet.",,,,,,,,,,
"Place the {type} group on 68A as shown","Platziert Monster der {type} Gruppe auf 68A, wie abgebildet.",,,,,,,,,,
"Place the {type} group on 68B as shown","Platziert Monster der {type} Gruppe auf 68B, wie abgebildet.",,,,,,,,,,
"Place the {type} group on 69A as shown","Platziert Monster der {type} Gruppe auf 69A, wie abgebildet.",,,,,,,,,,
"Place the {type} group on 69B as shown","Platziert Monster der {type} Gruppe auf 69B, wie abgebildet.",,,,,,,,,,
"Place the {type} group on 70A as shown","Platziert Monster der {type} Gruppe auf 70A, wie abgebildet.",,,,,,,,,,
"Place the {type} group on 70B as shown","Platziert Monster der {type} Gruppe auf 70B, wie abgebildet.",,,,,,,,,,
"Place the {type} group on 71A as shown","Platziert Monster der {type} Gruppe auf 71A, wie abgebildet.",,,,,,,,,,
"Place the {type} group on 71B as shown","Platziert Monster der {type} Gruppe auf 71B, wie abgebildet.",,,,,,,,,,
"Place the {type} group on 72A as shown","Platziert Monster der {type} Gruppe auf 72A, wie abgebildet.",,,,,,,,,,
"Place the {type} group on 72B as shown","Platziert Monster der {type} Gruppe auf 72B, wie abgebildet.",,,,,,,,,,
"Place the {type} group on 73A as shown","Platziert Monster der {type} Gruppe auf 73A, wie abgebildet.",,,,,,,,,,
"Place the {type} group on 73B as shown","Platziert Monster der {type} Gruppe auf 73B, wie abgebildet.",,,,,,,,,,
"Place the {type} group on 74A as shown","Platziert Monster der {type} Gruppe auf 74A, wie abgebildet.",,,,,,,,,,
"Place the {type} group on 74B as shown","Platziert Monster der {type} Gruppe auf 74B, wie abgebildet.",,,,,,,,,,
"Place the {type} group on 75A as shown","Platziert Monster der {type} Gruppe auf 75A, wie abgebildet.",,,,,,,,,,
"Place the {type} group on 75B as shown","Platziert Monster der {type} Gruppe auf 75B, wie abgebildet.",,,,,,,,,,
"Place the {type} group on 76A as shown","Platziert Monster der {type} Gruppe auf 76A, wie abgebildet.",,,,,,,,,,
"Place the {type} group on 76B as shown","Platziert Monster der {type} Gruppe auf 76B, wie abgebildet.",,,,,,,,,,
"Place the {type} group on 77A as shown","Platziert Monster der {type} Gruppe auf 77A, wie abgebildet.",,,,,,,,,,
"Place the {type} group on 77B as shown","Platziert Monster der {type} Gruppe auf 77B, wie abgebildet.",,,,,,,,,,
"Place the {type} group on 78A as shown","Platziert Monster der {type} Gruppe auf 78A, wie abgebildet.",,,,,,,,,,
"Place the {type} group on 78B as shown","Platziert Monster der {type} Gruppe auf 78B, wie abgebildet.",,,,,,,,,,
"Place the {type} group on 79A as shown","Platziert Monster der {type} Gruppe auf 79A, wie abgebildet.",,,,,,,,,,
"Place the {type} group on 79B as shown","Platziert Monster der {type} Gruppe auf 79B, wie abgebildet.",,,,,,,,,,
"Place the {type} group on 80A as shown","Platziert Monster der {type} Gruppe auf 80A, wie abgebildet.",,,,,,,,,,
"Place the {type} group on 80B as shown","Platziert Monster der {type} Gruppe auf 80B, wie abgebildet.",,,,,,,,,,
"Place the {type} group on 81A as shown","Platziert Monster der {type} Gruppe auf 81A, wie abgebildet.",,,,,,,,,,
"Place the {type} group on 81B as shown","Platziert Monster der {type} Gruppe auf 81B, wie abgebildet.",,,,,,,,,,
"Place the {type} group on 82A as shown","Platziert Monster der {type} Gruppe auf 82A, wie abgebildet.",,,,,,,,,,
"Place the {type} group on 82B as shown","Platziert Monster der {type} Gruppe auf 82B, wie abgebildet.",,,,,,,,,,
"Place the {type} group on 83A as shown","Platziert Monster der {type} Gruppe auf 83A, wie abgebildet.",,,,,,,,,,
"Place the {type} group on 83B as shown","Platziert Monster der {type} Gruppe auf 83B, wie abgebildet.",,,,,,,,,,
"Place the {type} group on 84A as shown","Platziert Monster der {type} Gruppe auf 84A, wie abgebildet.",,,,,,,,,,
"Place the {type} group on 84B as shown","Platziert Monster der {type} Gruppe auf 84B, wie abgebildet.",,,,,,,,,,
"Place the {type} group on 85A as shown","Platziert Monster der {type} Gruppe auf 85A, wie abgebildet.",,,,,,,,,,
"Place the {type} group on 85B as shown","Platziert Monster der {type} Gruppe auf 85B, wie abgebildet.",,,,,,,,,,
"Place the {type} group on 86A as shown","Platziert Monster der {type} Gruppe auf 86A, wie abgebildet.",,,,,,,,,,
"Place the {type} group on 86B as shown","Platziert Monster der {type} Gruppe auf 86B, wie abgebildet.",,,,,,,,,,
"Place the {type} group on 87A as shown","Platziert Monster der {type} Gruppe auf 87A, wie abgebildet.",,,,,,,,,,
"Place the {type} group on 87B as shown","Platziert Monster der {type} Gruppe auf 87B, wie abgebildet.",,,,,,,,,,
"Place the {type} group on 88A as shown","Platziert Monster der {type} Gruppe auf 88A, wie abgebildet.",,,,,,,,,,
"Place the {type} group on 88B as shown","Platziert Monster der {type} Gruppe auf 88B, wie abgebildet.",,,,,,,,,,
"Place the {type} group on 89A as shown","Platziert Monster der {type} Gruppe auf 89A, wie abgebildet.",,,,,,,,,,
"Place the {type} group on 89B as shown","Platziert Monster der {type} Gruppe auf 89B, wie abgebildet.",,,,,,,,,,
"Place the {type} group on 90A as shown","Platziert Monster der {type} Gruppe auf 90A, wie abgebildet.",,,,,,,,,,
"Place the {type} group on 90B as shown","Platziert Monster der {type} Gruppe auf 90B, wie abgebildet.",,,,,,,,,,
"Place the {type} group on 91A as shown","Platziert Monster der {type} Gruppe auf 91A, wie abgebildet.",,,,,,,,,,
"Place the {type} group on 91B as shown","Platziert Monster der {type} Gruppe auf 91B, wie abgebildet.",,,,,,,,,,
"Place the {type} group on 92A as shown","Platziert Monster der {type} Gruppe auf 92A, wie abgebildet.",,,,,,,,,,
"Place the {type} group on 92B as shown","Platziert Monster der {type} Gruppe auf 92B, wie abgebildet.",,,,,,,,,,
"Place the {type} group on 93A as shown","Platziert Monster der {type} Gruppe auf 93A, wie abgebildet.",,,,,,,,,,
"Place the {type} group on 93B as shown","Platziert Monster der {type} Gruppe auf 93B, wie abgebildet.",,,,,,,,,,
"Place the {type} group on 94A as shown","Platziert Monster der {type} Gruppe auf 94A, wie abgebildet.",,,,,,,,,,
"Place the {type} group on 94B as shown","Platziert Monster der {type} Gruppe auf 94B, wie abgebildet.",,,,,,,,,,
"Place the {type} group on 95A as shown","Platziert Monster der {type} Gruppe auf 95A, wie abgebildet.",,,,,,,,,,
"Place the {type} group on 95B as shown","Platziert Monster der {type} Gruppe auf 95B, wie abgebildet.",,,,,,,,,,
"Place the {type} group on 96A as shown","Platziert Monster der {type} Gruppe auf 96A, wie abgebildet.",,,,,,,,,,
"Place the {type} group on 96B as shown","Platziert Monster der {type} Gruppe auf 96B, wie abgebildet.",,,,,,,,,,
"Place the {type} group on 97A as shown","Platziert Monster der {type} Gruppe auf 97A, wie abgebildet.",,,,,,,,,,
"Place the {type} group on 97B as shown","Platziert Monster der {type} Gruppe auf 97B, wie abgebildet.",,,,,,,,,,
"Place the {type} group on 98A as shown","Platziert Monster der {type} Gruppe auf 98A, wie abgebildet.",,,,,,,,,,
"Place the {type} group on 98B as shown","Platziert Monster der {type} Gruppe auf 98B, wie abgebildet.",,,,,,,,,,
"Place the {type} group on 99A as shown","Platziert Monster der {type} Gruppe auf 99A, wie abgebildet.",,,,,,,,,,
"Place the {type} group on 99B as shown","Platziert Monster der {type} Gruppe auf 99B, wie abgebildet.",,,,,,,,,,
"Place the {type} group on 100A as shown","Platziert Monster der {type} Gruppe auf 100A, wie abgebildet.",,,,,,,,,,
"Place the {type} group on 100B as shown","Platziert Monster der {type} Gruppe auf 100B, wie abgebildet.",,,,,,,,,,
"space","Feld",,,,,,,,,,
"spaces","Felder",,,,,,,,,,
"as indicated","wie abgebildet",,,,,,,,,,
"as shown","wie abgebildet",,,,,,,,,,
"ignoring group limits"," (Gruppengröße einhalten)",,,,,,,,,,
", respecting group limits"," (Gruppengröße einhalten)",,,,,,,,,,
"place 1 search token on","Platziert 1 Suchmarker auf",,,,,,,,,,
"search token","Suchmarker",,,,,,,,,,
"Confirm","Bestätigen",,,,,,,,,,
"Place one door","Platziert eine Tür",,,,,,,,,,
"Place one door as indicated","Platziert eine Tür, wie abgebildet",,,,,,,,,,
"Place the heroes on the Entrance","Platziert die Helden auf dem Eingang",,,,,,,,,,
"Entrance","Eingang",,,,,,,,,,
"Exit","Ausgang",,,,,,,,,,
"to exit","verlassen",,,,,,,,,,
"1 Entrance","1 Eingang",,,,,,,,,,
"1 Exit","1 Ausgang",,,,,,,,,,
"Setup complete","Aufbau abgeschlossen",,,,,,,,,,
"Objective","Missionsziel",,,,,,,,,,
"the villager token","den Personenmarker",,,,,,,,,,
"a villager token","einen Personenmarker",,,,,,,,,,
"blue objective token","blaue Aufgabenmarker",,,,,,,,,,
"blue objective tokens","blauen Aufgabenmarker",,,,,,,,,,
"red objective tokens","rote Aufgabenmarker",,,,,,,,,,
"red objective token","roten Aufgabenmarker",,,,,,,,,,
"white objective tokens","weiße Aufgabenmarker",,,,,,,,,,
"white objective token","weißen Aufgabenmarker",,,,,,,,,,
"token","Marker"
"Pass","Erfolgreich",,,,,,,,,,
"Fail","Fehlgeschlagen",,,,,,,,,,
"They spend {surge} in the following order:","Sie benutzen {surge} in der folgenden Reihenfolge",,,,,,,,,,
"Open","Öffnen",,,,,,,,,,
"Draw a search card","Zieht eine Suchkarte",,,,,,,,,,
"During this activation,","Während dieser Aktivierung,",,,,,,,,,,
"{action} Search","{action} Suchen?",,,,,,,,,,
"Search"," Suchen",,,,,,,,,,
"board","Spielplan",,,,,,,,,,
"tile","Feld",,,,,,,,,,
"Hero figures","Heldenfiguren",,,,,,,,,,
"Hero figure","Heldenfigur",,,,,,,,,,
"Hero sheet","Heldenbogen",,,,,,,,,,
"Hero sheets","Heldenbögen",,,,,,,,,,
"Campaign Rules","Kampagnenregeln",,,,,,,,,,
"objective token","Aufgabenmarker",,,,,,,,,,
"objective tokens","Aufgabenmarker",,,,,,,,,,
"test","Lege eine Probe ab",,,,,,,,,,
"suffers","erleidet",,,,,,,,,,
"immobilized","gelähmt",,,,,,,,,,
"diseased","erkrankt",,,,,,,,,,
"stunned","betäubt",,,,,,,,,,
"cursed","verflucht",,,,,,,,,,
"poisoned","vergiftet",,,,,,,,,,
"characteristics","Charaktereigenschaften",,,,,,,,,,
"adjacent","benachbart",,,,,,,,,,
"movement","Bewegung",,,,,,,,,,
"Health","Lebenspunkte",,,,,,,,,,
"Test {might}","Lege eine {might} Probe ab",,,,,,,,,,
"Test {awareness}","Lege eine {awareness} Probe ab",,,,,,,,,,
"Test {will}","Legt eine {will} Probe ab",,,,,,,,,,
"Test {knowledge}","Legt eine {knowledge} Probe ab",,,,,,,,,,
"with the least Health remaining","Mit den wenigsten verbleibenden Lebenspunkten",,,,,,,,,,
"with the most Health remaining","Mit den meisten verbleibenden Lebenspunkten",,,,,,,,,,
"Place","Platziert",,,,,,,,,,
"to defeat","besiegen",,,,,,,,,,
"Defeat","Niederlage",,,,,,,,,,
"Victory","Sieg",,,,,,,,,,
"Rewards","Belohnungen",,,,,,,,,,
"Set aside the following tiles","Legt die folgenden Spielplanteile bereit",,,,,,,,,,
"to test {might}","um eine {might} Probe abzulegen",,,,,,,,,,
"to test {awareness}","um eine {awareness} Probe abzulegen",,,,,,,,,,
"to test {will}","um eine {will} Probe abzulegen",,,,,,,,,,
"to test {knowledge}","um eine {knowledge} Probe abzulegen",,,,,,,,,,
"LOS","Sichtlinie",,,,,,,,,,
"Line of sight","Sichtlinie",,,,,,,,,,
"retreat","ziehe dich zurück",,,,,,,,,,
"Then retreat","Dann ziehe dich zurück",,,,,,,,,,
"Attribute","Attribut",,,,,,,,,,
"Attributes","Attribute",,,,,,,,,,
"attribute tests","Attributsproben",,,,,,,,,,
"attribute test","Attributsprobe",,,,,,,,,,
"Each attack gains +1 Range","Jeder Angriff erhält +1 Reichweite",,,,,,,,,,
"Each attack gains +1 {surge}","Jeder Angriff erhält +1 {surge}",,,,,,,,,,
"Attack a hero","Greife einen Helden an",,,,,,,,,,
"Engage the hero within 4 spaces","Stürme auf den nächsten Helden innerhalb von 4 Feldern zu",,,,,,,,,,
"Engage the closest hero","Stürme auf den nächsten Helden zu",,,,,,,,,,
"to spot","sichten",,,,,,,,,,
"Engage as many heroes as possible","Stürme auf so viele Helden wie möglich zu",,,,,,,,,,
"Spot as many heroes as possible","Sichte so viele Helden wie möglich",,,,,,,,,,
"Engage the farthest hero","Stürme den am weitesten entfernten Helden",,,,,,,,,,
"Engage the closest hero who is not Immobilized","Stürme auf den nächsten Helden zu, der nicht gelähmt ist",,,,,,,,,,
"Attack the hero with the lowest {might}","Greife den Helden mit der niedrigsten {might} an",,,,,,,,,,
"Attack the hero with the lowest {awareness}","Greife den Helden mit der niedrigsten {awareness} an",,,,,,,,,,
"Attack the hero with the lowest {will}","Greife den Helden mit der niedrigsten {will} an",,,,,,,,,,
"Attack the hero with the lowest {knowledge}","Greife den Helden mit dem niedrigsten {knowledge} an",,,,,,,,,,
"Attack the hero with the highest {might}","Greife den Helden mit der höchsten {might} an",,,,,,,,,,
"Attack the hero with the highest {awareness}","Greife den Helden mit der höchsten {awareness} an",,,,,,,,,,
"Attack the hero with the highest {will}","Greife den Helden mit der höchsten {will} an",,,,,,,,,,
"Attack the hero with the highest {knowledge}","Greife den Helden mit dem höchsten {knowledge} an",,,,,,,,,,
"Engage the hero within 3 spaces of this monster with the least Health remaining","Stürme auf den nächsten Helden zu innerhalb von 3 Feldern zu diesem Monster mit den wenigsten verbleibenden Lebenspunkten",,,,,,,,,,
"Engage the hero within 3 spaces of this monster with the most Health remaining","Stürme auf den nächsten Helden zu innerhalb von 3 Feldern zu diesem Monster mit den meisten verbleibenden Lebenspunkten",,,,,,,,,,
"Engage the hero within 3 spaces of this monster with the least {fatigue} suffered","Stürme auf den nächsten Helden zu innerhalb von 3 Feldern zu diesem Monster der die wenigsten {fatigue} erlitten hat",,,,,,,,,,
"Engage the hero within 3 spaces of this monster with the most {fatigue} suffered","Stürme auf den nächsten Helden zu innerhalb von 3 Feldern zu diesem Monster der die meisten {fatigue} erlitten hat",,,,,,,,,,
"Attack the adjacent hero with the lowest total Health","Greife einen benachbarten Helden mit der niedrigsten Gesamtanzahl von Lebenspunkten an",,,,,,,,,,
"Attack the adjacent hero with the highest total Health","Greife einen benachbarten Helden mit der höchsten Gesamtanzahl von Lebenspunkten an",,,,,,,,,,
"Attack the adjacent hero with the lowest {might}","Greife einen benachbarten Helden mit der niedrigsten {might} an",,,,,,,,,,
"Attack the adjacent hero with the highest {might}","Greife einen benachbarten Helden mit der höchstem {might} an",,,,,,,,,,
"Attack the adjacent hero with the lowest {awareness}","Greife einen benachbarten Helden mit der niedrigsten {awareness} an",,,,,,,,,,
"Attack the adjacent hero with the highest {awareness}","Greife einen benachbarten Helden mit der höchstem {awareness} an",,,,,,,,,,
"Attack the adjacent hero with the lowest {will}","Greife einen benachbarten Helden mit der niedrigsten {will} an",,,,,,,,,,
"Attack the adjacent hero with the highest {will}","Greife einen benachbarten Helden mit der höchstem {will} an",,,,,,,,,,
"Attack the adjacent hero with the lowest {knowledge}","Greife einen benachbarten Helden mit dem niedrigsten {knowledge} an",,,,,,,,,,
"Attack the adjacent hero with the highest {knowledge}","Greife einen benachbarten Helden mit dem höchstem {knowledge} ",,,,,,,,,,
"Attack a hero who is not Poisoned","Greife einen Helden an, der nicht vergiftet ist",,,,,,,,,,
"Attack a hero who is not Immobilized","Greife einen Helden an, der nicht gelähmt ist",,,,,,,,,,
"Engage the hero within 2 spaces of this monster with the lowest {awareness}","Stürme zum nächsten Helden mit der niedrigsten {awareness} innerhalb von 2 Feldern zu diesem Monster ",,,,,,,,,,
"Engage the hero within 2 spaces of this monster with the highest {awareness}","Stürme zum nächsten Helden mit der höchsten {awareness} innerhalb von 2 Feldern zu diesem Monster",,,,,,,,,,
"Spot the hero with the least Health remaining","Sichte den nächsten Helden mit den wenigsten verbleibenden Lebenspunkten",,,,,,,,,,
"Spot the hero with the most Health remaining","Sichte den nächsten Helden mit den meisten verbleibenden Lebenspunkten",,,,,,,,,,
"Spot the hero with the lowest total Health","Sichte den nächsten Helden mit der niedrigsten Gesamtanzahl von Lebenspunkten",,,,,,,,,,
"Spot the adjacent hero with the highest total Health","Sichte den nächsten Helden mit der höchsten Gesamtanzahl von Lebenspunkten",,,,,,,,,,
"Spot the adjacent hero with the lowest {might}","Sichte den nächsten Helden mit der niedrigsten {might}",,,,,,,,,,
"Spot the adjacent hero with the highest {might}","Sichte den nächsten Helden mit der höchstem {might}",,,,,,,,,,
"Spot the adjacent hero with the lowest {awareness}","Sichte den nächsten Helden mit der niedrigsten {awareness}",,,,,,,,,,
"Spot the adjacent hero with the highest {awareness}","Sichte den nächsten Helden mit der höchstem {awareness}",,,,,,,,,,
"Spot the adjacent hero with the lowest {will}","Sichte den nächsten Helden mit der niedrigsten {will}",,,,,,,,,,
"Spot the adjacent hero with the highest {will}","Sichte den nächsten Helden mit der höchstem {will}",,,,,,,,,,
"Spot the adjacent hero with the lowest {knowledge}","Sichte den nächsten Helden mit dem niedrigsten {knowledge}",,,,,,,,,,
"Spot the adjacent hero with the highest {knowledge}","Sichte den nächsten Helden mit dem höchstem {knowledge}",,,,,,,,,,
"You find 10 gold","Ihr findet 10 Gold",,,,,,,,,,
"Place 1 door as indicated","Platziert eine Tür, wie abgebildet",,,,,,,,,,
"If a hero is Poisoned after being attacked, that hero is also Diseased","Wenn ein Held vergiftet wird, nachdem er angegriffen wurde, ist dieser Held zusätzlich auch noch erkrankt",,,,,,,,,,
"If within 1 spaces of a hero, perform a move action and retreat","Wenn du dich innerhalb von 1 Feldern Abstand zu einem Helden befindest, führe einen Bewegungsaktion aus und ziehe dich dann zurück",,,,,,,,,,
"Group limits have been reached","Die maximale Gruppengröße wurde erreicht",,,,,,,,,,
"Group Limit Reached","Die maximale Gruppengröße wurde erreicht",,,,,,,,,,
"Do not spawn a monster","Es erscheinen keine weiteren Monster",,,,,,,,,,
"Each of the heroes must skip their first turn","Jeder Held muss seinen ersten Zug überspringen",,,,,,,,,,
"Next turn","Im nächsten Zug",,,,,,,,,,
"Cannot recover {heart}","Es können keine {heart} zurückgewonnen werden",,,,,,,,,,
"Immune to all conditions","Immun gegen alle Zustände",,,,,,,,,,
"Passes all attribute tests","Besteht automatisch alle Attributsproben",,,,,,,,,,
"White Die","Weißer Würfel",,,,,,,,,,
"Red Die","Roter Würfel",,,,,,,,,,
"Blue Die","Blauer Würfel",,,,,,,,,,
"Yellow Die","Gelber Würfel",,,,,,,,,,
"Brown Die","Brauner Würfel",,,,,,,,,,
"Grey Die","Grauer Würfel",,,,,,,,,,
"Black Die","Schwarzer Würfel",,,,,,,,,,
"Blue Attack Die","Blauer Kampfwürfel",,,,,,,,,,
"Red Power Die","Roter Machtwürfel",,,,,,,,,,
"Yellow Power Die","Gelber Machtwürfel",,,,,,,,,,
"Green Power Die","Grüner Machtwürfel",,,,,,,,,,
"Brown Defense Die","Brauner Verteidigungswürfel",,,,,,,,,,
"Gray Defense Die","Grauer Verteidigungswürfel",,,,,,,,,,
"Black Defense Die","Schwarzer Verteidigungswürfel",,,,,,,,,,
"White Dice","Weiße Würfel",,,,,,,,,,
"Red dice","Rote Würfel",,,,,,,,,,
"Blue dice","Blaue Würfel",,,,,,,,,,
"Yellow dice","Gelbe Würfel",,,,,,,,,,
"Brown dice","Braune Würfel",,,,,,,,,,
"Grey dice","Graue Würfel",,,,,,,,,,
"Black dice","Schwarze Würfel",,,,,,,,,,
"Blue Attack dice","Blaue Kampfwürfel",,,,,,,,,,
"Red Power dice","Rote Machtwürfel",,,,,,,,,,
"Yellow Power dice","Gelbe Machtwürfel",,,,,,,,,,
"Green Power dice","Grüne Machtwürfel",,,,,,,,,,
"Brown Defense dice","Braune Verteidigungswürfel",,,,,,,,,,
"Gray Defense dice","Graue Verteidigungswürfel",,,,,,,,,,
"Black Defense dice","Schwarze Verteidigungswürfel",,,,,,,,,,
"Endcap","Endstück",,,,,,,,,,
"Oath of the Outcast","Schwur der Verbannten",,,,,,,,,,
"Crown of Destiny","Krone des Schicksals",,,,,,,,,,
"Crusade of the Forgotten","Kreuzzug der Vergessenen",,,,,,,,,,
"Guardians of Deephall","Die Wächter von Deephall",,,,,,,,,,
"Bonds of the Wild","Erwachung der Wildnis",,,,,,,,,,
"Treaty of Champions","Kontrakt der Unbesiegten",,,,,,,,,,
"Stewards of the Secret","Hüter des Geheimnisses",,,,,,,,,,
"Visions of Dawn","Prophezeiung eines neuen Anfangs",,,,,,,,,,
"Shards of Everdark","Scherben von Everdark",,,,,,,,,,
"Forgotten Souls","Vergessene Seelen",,,,,,,,,,
"Nature's Ire","Zorn der Natur",,,,,,,,,,
"Dark Elements","Dunkle Elemente",,,,,,,,,,
"Road to Legend","Wege zum Ruhm",,,,,,,,,,
"Conversion Kit","Upgrade Kit",,,,,,,,,,
"Lair of the Wyrm","Die Höhle des Lindwurms",,,,,,,,,,
"Labyrinth of Ruin","Labyrinth der Verderbens",,,,,,,,,,
"The Trollfens","Die Trollsümpfe",,,,,,,,,,
"Shadow of Nerekhall","Schatten von Nerekhall",,,,,,,,,,
"Manor of Ravens","Schloss Rabenfels",,,,,,,,,,
"Mists of Bilehall","Nebel von Bilehall",,,,,,,,,,
"The Chains that Rust","Rostende Ketten",,,,,,,,,,
"Sir Alric Farrow","Sir Alric Farrow",,,,,,,,,,
"Eliza Farrow","Eliza Farrow",,,,,,,,,,
"Lord Merrick Farrow","Lord Merrick Farrow",,,,,,,,,,
"Zachareth","Zachareth",,,,,,,,,,
"Belthir","Belthir",,,,,,,,,,
"Splig","Splig",,,,,,,,,,
"Valyndra","Valyndra",,,,,,,,,,
"Bol'Goreth","Bol'Goreth",,,,,,,,,,
"Skarn","Skarn",,,,,,,,,,
"Ariad","Ariad",,,,,,,,,,
"Queen Ariad","Königin Ariad",,,,,,,,,,
"Serena","Serena",,,,,,,,,,
"Raythen","Raythen",,,,,,,,,,
"Rylan Olliven","Rylan Olliven",,,,,,,,,,
"Tristaine Olliven","Tristaine Olliven",,,,,,,,,,
"Verminous","Der Rattenkönig",,,,,,,,,,
"Mirklace","Sinistrael",,,,,,,,,,
"Kyndrithul","Kyndrithul",,,,,,,,,,
"Zarihell","Zarihell",,,,,,,,,,
"Ardus Ix'Erebus","Ardus Ix'Erebus",,,,,,,,,,
"Arachyuras","Arachyuras",,,,,,,,,,
"Bandits","Banditen",,,,,,,,,,
"Bane Spiders","Mörderspinnen",,,,,,,,,,
"Barghests","Barghests",,,,,,,,,,
"Beastmans","Tiermenschen",,,,,,,,,,
"Blood Apes","Blutaffen",,,,,,,,,,
"Bone Horrors","Knochenschrecken",,,,,,,,,,
"Broodwalkers","Gezüchtwandler",,,,,,,,,,
"Carrion Drakes","Aas-Drachen",,,,,,,,,,
"Cave Spiders","Höhlenspinnen",,,,,,,,,,
"Changelings","Wechselbalge",,,,,,,,,,
"Chaos Beasts","Chaosbiester",,,,,,,,,,
"Crow Hags","Krähenhexen",,,,,,,,,,
"Crypt Dragons","Unterweltdrachen",,,,,,,,,,
"Dark Priests","Dunkle Priester",,,,,,,,,,
"Deep Elfs","Tiefenelfen",,,,,,,,,,
"Demon Lords","Dämonenfürsten",,,,,,,,,,
"Dispossesseds","Verlorene",,,,,,,,,,
"Elementals","Elementare",,,,,,,,,,
"Ettins","Ettins",,,,,,,,,,
"Ferroxs","Ferrox",,,,,,,,,,
"Fire Imps","Feuerteufel",,,,,,,,,,
"Flesh Moulders","Sarkomanten",,,,,,,,,,
"Giants","Riesen",,,,,,,,,,
"Goblin Archers","Goblin-Bogenschützen",,,,,,,,,,
"Goblin Witchers","Goblin-Schamanen",,,,,,,,,,
"Golems","Golems",,,,,,,,,,
"Harpys","Harpyien",,,,,,,,,,
"Hellhounds","Höllenhunde",,,,,,,,,,
"Hybrid Sentinels","Halbdrachenkrieger",,,,,,,,,,
"Ironbounds","Eherne",,,,,,,,,,
"Kobolds","Kobolde",,,,,,,,,,
"Lava Beetles","Lavakäfer",,,,,,,,,,
"Manticores","Mantikore",,,,,,,,,,
"Marrow Priests","Markpriester",,,,,,,,,,
"Medusas","Medusen",,,,,,,,,,
"Merriods","Merriods",,,,,,,,,,
"Nagas","Nagas",,,,,,,,,,
"Ogres","Oger",,,,,,,,,,
"Plague Worms","Pestwürmer",,,,,,,,,,
"Rat Swarms","Rattenschwärme",,,,,,,,,,
"Razorwings","Rasierklingenflügler",,,,,,,,,,
"Reanimates","Wiederbelebte",,,,,,,,,,
"Shades","Schatten",,,,,,,,,,
"Shadow Dragons","Schattendrachen",,,,,,,,,,
"Shambling Colossuses","Schlurfende Kolosse",,,,,,,,,,
"Skeleton Archers","Skelett-Bogenschützen",,,,,,,,,,
"Sorcerers","Hexenmeister",,,,,,,,,,
"Trolls","Trolle",,,,,,,,,,
"Volucrix Reavers","Volucrix-Jäger",,,,,,,,,,
"Wendigos","Wendigos",,,,,,,,,,
"Wraiths","Geister",,,,,,,,,,
"Ynfernael Hulks","Höllenkolosse",,,,,,,,,,
"Zombies","Zombies",,,,,,,,,,
"Arachyura","Arachyura",,,,,,,,,,
"Bandit","Bandit",,,,,,,,,,
"Bane Spider","Mörderspinne",,,,,,,,,,
"Barghest","Barghest",,,,,,,,,,
"Beastman","Tiermensch",,,,,,,,,,
"Blood Ape","Blutaffe",,,,,,,,,,
"Bone Horror","Knochenschrecken",,,,,,,,,,
"Broodwalker","Gezüchtwandler",,,,,,,,,,
"Carrion Drake","Aas-Drache",,,,,,,,,,
"Cave Spider","Höhlenspinne",,,,,,,,,,
"Changeling","Wechselbalg",,,,,,,,,,
"Chaos Beast","Chaosbiest",,,,,,,,,,
"Crow Hag","Krähenhexe",,,,,,,,,,
"Crypt Dragon","Unterweltdrache",,,,,,,,,,
"Dark Priest","Dunkle Priester",,,,,,,,,,
"Deep Elf","Tiefenelfe",,,,,,,,,,
"Demon Lord","Dämonenfürst",,,,,,,,,,
"Dispossessed","Verlorener",,,,,,,,,,
"Elemental","Elementar",,,,,,,,,,
"Ettin","Ettin",,,,,,,,,,
"Ferrox","Ferrox",,,,,,,,,,
"Fire Imp","Feuerteufel",,,,,,,,,,
"Flesh Moulder","Sarkomant",,,,,,,,,,
"Giant","Riese",,,,,,,,,,
"Goblin Archer","Goblin-Bogenschütze",,,,,,,,,,
"Goblin Witcher","Goblin-Schamane",,,,,,,,,,
"Golem","Golem",,,,,,,,,,
"Harpy","Harpyie",,,,,,,,,,
"Hellhound","Höllenhund",,,,,,,,,,
"Hybrid Sentinel","Halbdrachenkrieger",,,,,,,,,,
"Ironbound","Eherner",,,,,,,,,,
"Kobold","Kobolde",,,,,,,,,,
"Lava Beetle","Lavakäfer",,,,,,,,,,
"Manticore","Mantikore",,,,,,,,,,
"Marrow Priest","Markpriester",,,,,,,,,,
"Medusa","Medusen",,,,,,,,,,
"Merriod","Merriod",,,,,,,,,,
"Naga","Naga",,,,,,,,,,
"Ogre","Oger",,,,,,,,,,
"Plague Worm","Pestwurm",,,,,,,,,,
"Rat Swarm","Rattenschwarm",,,,,,,,,,
"Razorwing","Rasierklingenflügler",,,,,,,,,,
"Reanimate","Wiederbelebter",,,,,,,,,,
"Shade","Schatten",,,,,,,,,,
"Shadow Dragon","Schattendrache",,,,,,,,,,
"Shambling Colossus","Schlurfender Koloss",,,,,,,,,,
"Skeleton Archer","Skelett-Bogenschütze",,,,,,,,,,
"Sorcerer","Hexenmeister",,,,,,,,,,
"Troll","Troll",,,,,,,,,,
"Volucrix Reaver","Volucrix-Jäger",,,,,,,,,,
"Wendigo","Wendigo",,,,,,,,,,
"Wraith","Geist",,,,,,,,,,
"Ynfernael Hulk","Höllenkoloss",,,,,,,,,,
"Zombie","Zombie",,,,,,,,,,
"Extender","Verlängerungsstück",,,,,,,,,,
"Extenders","Verlängerungsstücke",,,,,,,,,,
"Extension","Verlängerungsstück",,,,,,,,,,
"Extensions","Verlängerungsstücke",,,,,,,,,,
"Transition","Übergangsstück",,,,,,,,,,
"Transitions","Übergangsstücke",,,,,,,,,,
"Minion","normales Monster",,,,,,,,,,
"Minions","normalen Monster",,,,,,,,,,
"Master","Elite",,,,,,,,,,
"Act","Akt",,,,,,,,,,
"Act I","Akt I",,,,,,,,,,
"Act II","Akt II",,,,,,,,,,
"shop deck","Marktkartendeck",,,,,,,,,,
"Shop Item Card","Marktkarte",,,,,,,,,,
"Shop Item Cards","Marktkarten",,,,,,,,,,
"Shop Item","Marktkarte",,,,,,,,,,
"Shop Items","Marktkarten",,,,,,,,,,
"as an action","als Aktion",,,,,,,,,,
"facedown objective token","verdeckter Aufgabenmarker",,,,,,,,,,
"facedown objective tokens","verdeckte Aufgabenmarker",,,,,,,,,,
"Quest","Begegnung",,,,,,,,,,
"Descent Second Edition-Quest","Descent 2. Edition Begegnung",,,,,,,,,,
"Akt I-Quest","Akt I Begegnung",,,,,,,,,,
"Base game","Grundspiel",,,,,,,,,,
"{heart}","{heart}",,,,,,,,,,
"{fatigue}","{fatigue}",,,,,,,,,,
"{might}","{might}",,,,,,,,,,
"{will}","{will}",,,,,,,,,,
"{action}","{action}",,,,,,,,,,
"{knowledge}","{knowledge}",,,,,,,,,,
"{awareness}","{awareness}",,,,,,,,,,
"{shield}","{shield}",,,,,,,,,,
"{surge}","{surge}",,,,,,,,,,
"Easy","Einfach",,,,,,,,,,
"Hard","Schwer",,,,,,,,,,
"Rumor","Gerücht",,,,,,,,,,
"Rumors","Gerüchte",,,,,,,,,,
"Rumor card","Gerüchtkarte",,,,,,,,,,
"Rumor cards","Gerüchtkarten",,,,,,,,,,
"Aftershock","Flammenaura",,,,,,,,,,
"Agony","Todesqual",,,,,,,,,,
"Air","Luft",,,,,,,,,,
"Allure","Betören",,,,,,,,,,
"Ancient Curse","Uralter Fluch",,,,,,,,,,
"Aura","Aura",,,,,,,,,,
"Backswing","Ausholen",,,,,,,,,,
"Bash","Prügeln",,,,,,,,,,
"Bewitch","Verzaubern",,,,,,,,,,
"Black Venom","Schwarzes Gift",,,,,,,,,,
"Blast","Explosion",,,,,,,,,,
"Bleed","Blutung",,,,,,,,,,
"Blood Call","Blutzoll",,,,,,,,,,
"Bloodlines","Blutlinien",,,,,,,,,,
"Bloodrush","Blutgier",,,,,,,,,,
"Bloodthirst","Blutdurst",,,,,,,,,,
"Bone Splinter","Knochensplitter",,,,,,,,,,
"Bull Rush","Stampede",,,,,,,,,,
"Burn","Brand",,,,,,,,,,
"Burrow","Graben",,,,,,,,,,
"Captive Soul","Gefangene Seele",,,,,,,,,,
"Cause Fear","Furcht einflößen",,,,,,,,,,
"Chaotic Energy","Chaosenergie",,,,,,,,,,
"Charge","Sturmangriff",,,,,,,,,,
"Cocoon","Kokon",,,,,,,,,,
"Colonize","Kolonisierung",,,,,,,,,,
"Combustible","Flammentod",,,,,,,,,,
"Command","Kommando",,,,,,,,,,
"Constrict","Einschnüren",,,,,,,,,,
"Contempt","Verachtung",,,,,,,,,,
"Corrupted","Verdorben",,,,,,,,,,
"Cowardly","Feige",,,,,,,,,,
"Cry Havoc","Flugangriff",,,,,,,,,,
"Curse","Fluch",,,,,,,,,,
"Cursed Assault","Verfluchter Sturm",,,,,,,,,,
"Cursed Blast","Fluchwelle",,,,,,,,,,
"Dark Prayer","Dunkles Gebet",,,,,,,,,,
"Death Cry","Todesschrei",,,,,,,,,,
"Death Omen","Todesomen",,,,,,,,,,
"Death Wish","Todeswunsch",,,,,,,,,,
"Despair","Verzweiflung",,,,,,,,,,
"Direction","Bann",,,,,,,,,,
"Disease","Krankheit",,,,,,,,,,
"Dominion","Beherrschung",,,,,,,,,,
"Doom","Todesweihe",,,,,,,,,,
"Earth","Erde",,,,,,,,,,
"Energy Drain","Kraftentzug",,,,,,,,,,
"Enthrall","Bezaubern",,,,,,,,,,
"Entomb","Eingraben",,,,,,,,,,
"Ethereal Hold","Ätherischer Griff",,,,,,,,,,
"Exploit Agony","Todesqual ausnutzen",,,,,,,,,,
"Exploit Fear","Furcht ausnutzen",,,,,,,,,,
"Extend","Ausgedehnt",,,,,,,,,,
"Extract","Auslaugen",,,,,,,,,,
"Fearbrand","Mal der Furcht",,,,,,,,,,
"Feast","Fressgier",,,,,,,,,,
"Filthy Murk","Schmutzige Finsternis",,,,,,,,,,
"Fire","Feuer",,,,,,,,,,
"Fire Breath","Feuerodem",,,,,,,,,,
"Flail","Peitscharme",,,,,,,,,,
"Flame Fiend","Flammengestalt",,,,,,,,,,
"Flanking","Flankenangriff",,,,,,,,,,
"Fleshmonger","Fleischfresser",,,,,,,,,,
"Flicker","Flimmern",,,,,,,,,,
"Flock","Pulk",,,,,,,,,,
"Fly","Fliegen",,,,,,,,,,
"Forceful Blow","Mächtiger Schlag",,,,,,,,,,
"Freezing","Eiskalt",,,,,,,,,,
"Fury","Zorn",,,,,,,,,,
"Get Them","Auf sie",,,,,,,,,,
"Grab","Würgegriff",,,,,,,,,,
"Harrowing","Quälen",,,,,,,,,,
"Heal","Heilen",,,,,,,,,,
"Hideous Laughter","Höhnisches Lachen",,,,,,,,,,
"Him Instead!","Besser er als ich!",,,,,,,,,,
"Hive Defense","Schwarmverteidigung",,,,,,,,,,
"Hoarder","Habsucht",,,,,,,,,,
"Horrifying","Grauenerregend",,,,,,,,,,
"Howl","Geheul",,,,,,,,,,
"Hunt","Jagen",,,,,,,,,,
"Ignite","Stichflamme",,,,,,,,,,
"Immobilize","Lähmung",,,,,,,,,,
"Influence","Beeinflussen",,,,,,,,,,
"Ironskin","Eisenhaut",,,,,,,,,,
"Knockback","Zurückstoßen",,,,,,,,,,
"Lash","Peitschenhieb",,,,,,,,,,
"Leap Attack","Sprungangriff",,,,,,,,,,
"Leech","Blutsauger",,,,,,,,,,
"Lifethirst","Lebensdurst",,,,,,,,,,
"Lingering Curse","Todesfluch",,,,,,,,,,
"Lithesome","Geschmeidig",,,,,,,,,,
"Maneuver","Manöver",,,,,,,,,,
"Master Plan","Großer Plan",,,,,,,,,,
"Mend","Nachwachsen",,,,,,,,,,
"Merge","Verschmelzen",,,,,,,,,,
"Miasma","Pesthauch",,,,,,,,,,
"Miser","Gierschlund",,,,,,,,,,
"Morph","Verwandlung",,,,,,,,,,
"Mortal Binding","Tödliche Bindung",,,,,,,,,,
"Night Stalker","Schemen",,,,,,,,,,
"Not Me!","Nicht auf mich!",,,,,,,,,,
"Opportunist","Opportunist",,,,,,,,,,
"Overflowing","Überquellen",,,,,,,,,,
"Overpower","Überwältigen",,,,,,,,,,
"Overrun","Überrennen",,,,,,,,,,
"Pestilence","Pestilenz",,,,,,,,,,
"Phalanx","Phalanx",,,,,,,,,,
"Pierce","Durchbohren",,,,,,,,,,
"Pilfer","Langfinger",,,,,,,,,,
"Pillage","Ausrauben",,,,,,,,,,
"Pincer Attack","Zangenangriff",,,,,,,,,,
"Plagued","Verseucht",,,,,,,,,,
"Poison","Gift",,,,,,,,,,
"Precise","Präzise",,,,,,,,,,
"Prey on the Weak","Sie sollen Leiden",,,,,,,,,,
"Promotion","Beförderung",,,,,,,,,,
"Protect","Beschützen",,,,,,,,,,
"Puncture","Durchstoßen",,,,,,,,,,
"Purity Of Body","Reinheit des Körpers",,,,,,,,,,
"Putrid Boils","Pestbeulen",,,,,,,,,,
"Rally","Sammeln",,,,,,,,,,
"Rampage","Tobsucht",,,,,,,,,,
"Ravage","Aggressiv",,,,,,,,,,
"Ravenous","Heißhunger",,,,,,,,,,
"Reach","Weitreichend",,,,,,,,,,
"Reanimation","Wiederbelebung",,,,,,,,,,
"Reaper","Schnitter",,,,,,,,,,
"Regeneration","Regeneration",,,,,,,,,,
"Rend","Zerfleischen",,,,,,,,,,
"Resilient","Robust",,,,,,,,,,
"Riposte","Riposte",,,,,,,,,,
"Sacrifice","Opfer",,,,,,,,,,
"Scamper","Wendig",,,,,,,,,,
"Scheme","Ränke",,,,,,,,,,
"Seduce","Verführung",,,,,,,,,,
"Shadow","Schatten",,,,,,,,,,
"Shadow Bolt","Schattenblitz",,,,,,,,,,
"Shadow Step","Schattenschritt",,,,,,,,,,
"Shambling","Behäbig",,,,,,,,,,
"Skirmish","Vorstoß",,,,,,,,,,
"Small Beginnings","Brut",,,,,,,,,,
"Sorcery","Hexerei",,,,,,,,,,
"Soul Mastery","Seelenmeisterschaft",,,,,,,,,,
"Soul Shackle","Seelenfessel",,,,,,,,,,
"Soul Siphon","Seelensog",,,,,,,,,,
"Spawner","Brutmeister",,,,,,,,,,
"Split","Spaltung",,,,,,,,,,
"Split Earth","Erdspalte",,,,,,,,,,
"Stealthy","Tarnung",,,,,,,,,,
"Strong Spirit","Starker Geist",,,,,,,,,,
"Stun","Betäubung",,,,,,,,,,
"Subdue","Bezwingen",,,,,,,,,,
"Summon","Beschwören",,,,,,,,,,
"Swallow","Verschlingen",,,,,,,,,,
"Swarm","Schwarm",,,,,,,,,,
"Sweep","Rundumschlag",,,,,,,,,,
"Terrify","Verängstigen",,,,,,,,,,
"Thrash","Dreschen",,,,,,,,,,
"Throw","Werfen",,,,,,,,,,
"Tormentress","Peinigerin",,,,,,,,,,
"Trap Springer","Fallenmeisterin",,,,,,,,,,
"Undying","Unsterblich",,,,,,,,,,
"Unmovable","Unbeweglich",,,,,,,,,,
"Wail","Schrei",,,,,,,,,,
"Water","Wasser",,,,,,,,,,
"Weaken","Schwächung",,,,,,,,,,
"Web","Netz",,,,,,,,,,
"Whisper","Flüstern",,,,,,,,,,
"Wither","Verwelken",,,,,,,,,,
"portcullis","Fallgitter",,,,,,,,,,
"Lieutenant","Hauptmann",,,,,,,,,,
"Lieutenants","Hauptmänner",,,,,,,,,,
"Lieutenant card","Hauptmannkarte",,,,,,,,,,
"Lieutenant cards","Hauptmannkarten",,,,,,,,,,
"Heroic feat","Heldentat",,,,,,,,,,
"Heroic feats","Heldentaten",,,,,,,,,,
"Archtypes","Archetypen",,,,,,,,,,
"Archtype","Archetyp",,,,,,,,,,
"Warrior","Krieger",,,,,,,,,,
"Healer","Heiler",,,,,,,,,,
"Mage","Magier",,,,,,,,,,
"Scout","Kundschafter",,,,,,,,,,
"Target marker","Anvisiert-Marker",,,,,,,,,,
"Peril","Gefahreneffekt",,,,,,,,,,
"Minor peril","Geringer Gefahreneffekt",,,,,,,,,,
"Major peril","Größerer Gefahreneffekt",,,,,,,,,,
"Greatest peril","Größter Gefahreneffekt",,,,,,,,,,